中文类别,地点ID,生态区,X,Y,Z,距祭坛,状态
希尔迪尔墓穴,Hildir_crypt,BlackForest,-3260,46,-713,2971,预定位置
希尔迪尔墓穴,Hildir_crypt,BlackForest,-2947,34,3126,4276,已生成
希尔迪尔墓穴,Hildir_crypt,BlackForest,-261,35,6395,6647,已生成
希尔迪尔平原堡垒,Hildir_plainsfortress,Plains,4544,55,-2560,5389,已生成
希尔迪尔平原堡垒,Hildir_plainsfortress,Plains,832,52,-7232,7076,预定位置
希尔迪尔平原堡垒,Hildir_plainsfortress,Plains,7488,42,-1600,7929,预定位置
希尔迪尔洞穴,Hildir_cave,Mountain,576,238,-3136,3022,预定位置
希尔迪尔洞穴,Hildir_cave,Mountain,2048,271,3968,4841,预定位置
希尔迪尔洞穴,Hildir_cave,Mountain,-4672,305,6400,7946,预定位置
